#FILE	NUM_FOUND	Col(MG828)_1	Col156_1	Col3M_1	Col440II_1	Col440I_1	ColRNAI_1	IncFIA(HI1)_1_HI1	IncFIA_1	IncFIB(AP001918)_1	IncFIB(K)_1_Kpn3	IncFIB(S)_1	IncFIB(pHCM2)_1_pHCM2	IncFII(S)_1	IncHI1A_1	IncHI1B(R27)_1_R27	IncI1_1_Alpha	IncN_1	IncX1_1	IncX3_1	IncX4_2	pEC4115_1
SAL_AC6408AA_AS.result.fasta	1	.	.	.	.	.	.	.	.	.	99.64	.	.	.	.	.	.	.	.	.	.	.
SAL_AC6409AA_AS.result.fasta	1	.	.	.	.	.	.	.	.	.	99.64	.	.	.	.	.	.	.	.	.	.	.
SAL_AC6574AA_AS.result.fasta	1	.	.	.	.	.	.	.	.	.	99.64	.	.	.	.	.	.	.	.	.	.	.
SAL_AC6577AA_AS.result.fasta	1	.	.	.	.	.	.	.	.	.	99.64	.	.	.	.	.	.	.	.	.	.	.
SAL_AC6578AA_AS.result.fasta	1	.	.	.	.	.	.	.	.	.	99.64	.	.	.	.	.	.	.	.	.	.	.
SAL_AC6580AA_AS.result.fasta	1	.	.	.	.	.	.	.	.	.	99.64	.	.	.	.	.	.	.	.	.	.	.
SAL_AC6581AA_AS.result.fasta	5	.	.	.	.	.	100.00	.	.	.	.	100.00	.	100.00	.	.	.	.	100.00	90.37	.	.
SAL_AC6594AA_AS.result.fasta	1	.	.	.	.	.	.	.	.	.	99.64	.	.	.	.	.	.	.	.	.	.	.
SAL_AC6596AA_AS.result.fasta	5	.	.	.	.	.	100.00	.	.	.	.	100.00	.	100.00	.	.	.	.	100.00	90.37	.	.
SAL_AC6597AA_AS.result.fasta	1	.	.	100.00	.	.	.	.	.	.	.	.	.	.	.	.	.	.	.	.	.	.
SAL_AC6599AA_AS.result.fasta	1	.	.	.	.	.	.	.	.	.	99.64	.	.	.	.	.	.	.	.	.	.	.
SAL_AC7114AA_AS.result.fasta	2	.	.	.	.	.	.	.	.	.	.	100.00	.	100.00	.	.	.	.	.	.	.	.
SAL_AC7115AA_AS.result.fasta	2	.	.	.	.	.	.	.	.	.	.	100.00	.	100.00	.	.	.	.	.	.	.	.
SAL_AC7160AA_AS.result.fasta	2	.	.	.	.	.	.	.	.	.	.	100.00	.	100.00	.	.	.	.	.	.	.	.
SAL_AC7169AA_AS.result.fasta	5	.	.	.	.	.	100.00;100.00	.	.	.	.	100.00	.	100.00	.	.	.	.	100.00	90.37	.	.
SAL_AC7181AA_AS.result.fasta	5	.	.	.	.	.	100.00	.	.	.	.	100.00	.	100.00	.	.	.	.	100.00	90.37	.	.
SAL_AC7182AA_AS.result.fasta	5	.	.	.	.	.	100.00	.	.	.	.	100.00	.	100.00	.	.	.	.	100.00	90.37	.	.
SAL_AC7184AA_AS.result.fasta	5	.	.	.	.	.	100.00	.	.	.	.	100.00	.	100.00	.	.	.	.	100.00	90.37	.	.
SAL_AC7186AA_AS.result.fasta	5	.	.	.	.	.	100.00;100.00	.	.	.	.	100.00	.	100.00	.	.	.	.	100.00	90.37	.	.
SAL_AC7187AA_AS.result.fasta	5	.	.	.	.	.	100.00	.	.	.	.	100.00	.	100.00	.	.	.	.	100.00	90.37	.	.
SAL_AC7193AA_AS.result.fasta	2	.	.	.	.	.	.	.	.	.	.	100.00	.	100.00	.	.	.	.	.	.	.	.
SAL_AC7197AA_AS.result.fasta	2	.	.	.	.	.	.	.	.	.	.	100.00	.	100.00	.	.	.	.	.	.	.	.
SAL_AC7234AA_AS.result.fasta	2	.	.	.	.	.	.	.	.	.	.	100.00	.	100.00	.	.	.	.	.	.	.	.
SAL_AC7237AA_AS.result.fasta	5	.	.	.	.	.	100.00	.	.	.	.	100.00	.	100.00	.	.	.	.	100.00	90.37	.	.
SAL_AC7245AA_AS.result.fasta	5	.	.	.	.	.	100.00	.	.	.	.	100.00	.	100.00	.	.	.	.	100.00	90.37	.	.
SAL_AC7248AA_AS.result.fasta	2	.	.	.	.	.	.	.	.	.	.	100.00	.	100.00	.	.	.	.	.	.	.	.
SAL_AC7282AA_AS.result.fasta	2	.	.	.	.	.	.	.	.	.	.	100.00	.	100.00	.	.	.	.	.	.	.	.
SAL_AC7305AA_AS.result.fasta	2	.	.	.	.	.	.	.	.	.	.	100.00	.	100.00	.	.	.	.	.	.	.	.
SAL_AC7366AA_AS.result.fasta	2	.	.	.	.	.	.	.	.	.	.	100.00	.	100.00	.	.	.	.	.	.	.	.
SAL_AC7374AA_AS.result.fasta	2	.	.	.	.	.	.	.	.	.	.	100.00	.	100.00	.	.	.	.	.	.	.	.
SAL_AC7387AA_AS.result.fasta	2	.	.	.	.	.	.	.	.	.	.	100.00	.	100.00	.	.	.	.	.	.	.	.
SAL_AD0095AA_AS.result.fasta	1	.	.	.	.	.	.	.	.	.	99.64	.	.	.	.	.	.	.	.	.	.	.
SAL_AD0096AA_AS.result.fasta	1	.	.	.	.	.	.	.	.	.	99.64	.	.	.	.	.	.	.	.	.	.	.
SAL_AD0097AA_AS.result.fasta	1	.	.	.	.	.	.	.	.	.	99.64	.	.	.	.	.	.	.	.	.	.	.
SAL_AD0098AA_AS.result.fasta	1	.	.	.	.	.	.	.	.	.	99.64	.	.	.	.	.	.	.	.	.	.	.
SAL_AD0099AA_AS.result.fasta	1	.	.	.	.	.	.	.	.	.	99.64	.	.	.	.	.	.	.	.	.	.	.
SAL_AD0100AA_AS.result.fasta	1	.	.	.	.	.	.	.	.	.	99.64	.	.	.	.	.	.	.	.	.	.	.
SAL_AD0101AA_AS.result.fasta	1	.	.	.	.	.	.	.	.	.	99.64	.	.	.	.	.	.	.	.	.	.	.
SAL_AD0102AA_AS.result.fasta	1	.	.	.	.	.	.	.	.	.	99.64	.	.	.	.	.	.	.	.	.	.	.
SAL_AD0103AA_AS.result.fasta	1	.	.	.	.	.	.	.	.	.	99.64	.	.	.	.	.	.	.	.	.	.	.
SAL_AD0104AA_AS.result.fasta	1	.	.	.	.	.	.	.	.	.	99.64	.	.	.	.	.	.	.	.	.	.	.
SAL_AD0105AA_AS.result.fasta	1	.	.	.	.	.	.	.	.	.	99.64	.	.	.	.	.	.	.	.	.	.	.
SAL_AD0106AA_AS.result.fasta	1	.	.	.	.	.	.	.	.	.	99.64	.	.	.	.	.	.	.	.	.	.	.
SAL_AD0107AA_AS.result.fasta	1	.	.	.	.	.	.	.	.	.	99.64	.	.	.	.	.	.	.	.	.	.	.
SAL_AD0108AA_AS.result.fasta	1	.	.	.	.	.	.	.	.	.	99.64	.	.	.	.	.	.	.	.	.	.	.
SAL_AD0109AA_AS.result.fasta	1	.	.	.	.	.	.	.	.	.	99.64	.	.	.	.	.	.	.	.	.	.	.
SAL_AD0110AA_AS.result.fasta	1	.	.	.	.	.	.	.	.	.	99.64	.	.	.	.	.	.	.	.	.	.	.
SAL_AD0111AA_AS.result.fasta	1	.	.	.	.	.	.	.	.	.	99.64	.	.	.	.	.	.	.	.	.	.	.
SAL_AD0114AA_AS.result.fasta	1	.	.	.	.	.	.	.	.	.	99.64	.	.	.	.	.	.	.	.	.	.	.
SAL_AD0115AA_AS.result.fasta	1	.	.	.	.	.	.	.	.	.	99.64	.	.	.	.	.	.	.	.	.	.	.
SAL_AD0116AA_AS.result.fasta	1	.	.	.	.	.	.	.	.	.	99.64	.	.	.	.	.	.	.	.	.	.	.
SAL_AD0117AA_AS.result.fasta	1	.	.	.	.	.	.	.	.	.	99.64	.	.	.	.	.	.	.	.	.	.	.
SAL_AD0118AA_AS.result.fasta	1	.	.	.	.	.	.	.	.	.	99.64	.	.	.	.	.	.	.	.	.	.	.
SAL_AD0119AA_AS.result.fasta	1	.	.	.	.	.	.	.	.	.	99.64	.	.	.	.	.	.	.	.	.	.	.
SAL_AD0120AA_AS.result.fasta	1	.	.	.	.	.	.	.	.	.	99.64	.	.	.	.	.	.	.	.	.	.	.
SAL_AD0121AA_AS.result.fasta	1	.	.	.	.	.	.	.	.	.	99.64	.	.	.	.	.	.	.	.	.	.	.
SAL_AD0122AA_AS.result.fasta	1	.	.	.	.	.	.	.	.	.	99.64	.	.	.	.	.	.	.	.	.	.	.
SAL_AD0123AA_AS.result.fasta	1	.	.	.	.	.	.	.	.	.	99.64	.	.	.	.	.	.	.	.	.	.	.
SAL_AD0124AA_AS.result.fasta	1	.	.	.	.	.	.	.	.	.	99.64	.	.	.	.	.	.	.	.	.	.	.
SAL_AD0125AA_AS.result.fasta	1	.	.	.	.	.	.	.	.	.	99.64	.	.	.	.	.	.	.	.	.	.	.
SAL_AD0126AA_AS.result.fasta	1	.	.	.	.	.	.	.	.	.	99.64	.	.	.	.	.	.	.	.	.	.	.
SAL_AD0127AA_AS.result.fasta	1	.	.	.	.	.	.	.	.	.	99.64	.	.	.	.	.	.	.	.	.	.	.
SAL_AD0128AA_AS.result.fasta	1	.	.	.	.	.	.	.	.	.	99.64	.	.	.	.	.	.	.	.	.	.	.
SAL_AD0142AA_AS.result.fasta	1	.	.	.	.	.	.	.	.	.	99.64	.	.	.	.	.	.	.	.	.	.	.
SAL_AD0143AA_AS.result.fasta	1	.	.	.	.	.	.	.	.	.	99.64	.	.	.	.	.	.	.	.	.	.	.
SAL_AD0144AA_AS.result.fasta	3	.	98.70	.	.	100.00	.	.	.	.	99.64	.	.	.	.	.	.	.	.	.	.	.
SAL_AD0145AA_AS.result.fasta	2	.	.	.	.	.	.	.	.	.	99.64	.	.	.	.	.	.	.	.	.	100.00	.
SAL_AD0146AA_AS.result.fasta	2	.	.	.	.	.	.	.	.	.	99.64	.	.	.	.	.	.	.	.	.	100.00	.
SAL_AD0147AA_AS.result.fasta	2	.	.	.	.	.	.	.	.	.	99.64	.	.	.	.	.	.	.	.	.	100.00	.
SAL_AD0148AA_AS.result.fasta	2	.	.	.	.	.	.	.	.	.	99.64	.	.	.	.	.	.	.	.	.	100.00	.
SAL_AD1417AA_AS.result.fasta	1	.	.	.	.	.	.	.	.	.	99.64	.	.	.	.	.	.	.	.	.	.	.
SAL_AD1418AA_AS.result.fasta	2	.	.	.	.	.	.	.	.	.	99.64	.	.	.	.	.	.	.	.	.	100.00	.
SAL_AD1419AA_AS.result.fasta	2	.	.	.	.	.	.	.	.	.	99.64	.	.	.	.	.	.	.	.	.	100.00	.
SAL_AD1420AA_AS.result.fasta	1	.	.	.	.	.	.	.	.	.	99.64	.	.	.	.	.	.	.	.	.	.	.
SAL_AD1421AA_AS.result.fasta	1	.	.	.	.	.	.	.	.	.	99.64	.	.	.	.	.	.	.	.	.	.	.
SAL_AD1422AA_AS.result.fasta	1	.	.	.	.	.	.	.	.	.	99.64	.	.	.	.	.	.	.	.	.	.	.
SAL_AD1423AA_AS.result.fasta	1	.	.	.	.	.	.	.	.	.	99.64	.	.	.	.	.	.	.	.	.	.	.
SAL_AD1424AA_AS.result.fasta	1	.	.	.	.	.	.	.	.	.	99.64	.	.	.	.	.	.	.	.	.	.	.
SAL_AD1425AA_AS.result.fasta	1	.	.	.	.	.	.	.	.	.	99.64	.	.	.	.	.	.	.	.	.	.	.
SAL_AD1426AA_AS.result.fasta	2	.	.	.	.	.	100.00	.	.	.	99.64	.	.	.	.	.	.	.	.	.	.	.
SAL_AD1427AA_AS.result.fasta	1	.	.	.	.	.	.	.	.	.	99.64	.	.	.	.	.	.	.	.	.	.	.
SAL_AD7973AA_AS.result.fasta	1	.	.	100.00	.	.	.	.	.	.	.	.	.	.	.	.	.	.	.	.	.	.
SAL_AD7975AA_AS.result.fasta	1	.	.	100.00	.	.	.	.	.	.	.	.	.	.	.	.	.	.	.	.	.	.
SAL_AD7976AA_AS.result.fasta	2	.	.	.	.	.	.	.	.	.	.	100.00	.	100.00	.	.	.	.	.	.	.	.
SAL_AD7981AA_AS.result.fasta	1	.	.	.	.	.	.	.	.	.	99.64	.	.	.	.	.	.	.	.	.	.	.
SAL_AD7984AA_AS.result.fasta	1	.	.	.	.	.	.	.	.	.	99.64	.	.	.	.	.	.	.	.	.	.	.
SAL_AD8015AA_AS.result.fasta	2	.	.	.	.	.	.	.	.	.	.	100.00	.	100.00	.	.	.	.	.	.	.	.
SAL_AD8057AA_AS.result.fasta	2	.	.	.	.	.	.	.	.	.	.	100.00	.	100.00	.	.	.	.	.	.	.	.
SAL_AD8310AA_AS.result.fasta	1	.	.	.	.	.	.	.	.	.	99.64	.	.	.	.	.	.	.	.	.	.	.
SAL_AD8326AA_AS.result.fasta	1	.	.	.	.	.	.	.	.	.	99.64	.	.	.	.	.	.	.	.	.	.	.
SAL_AD8382AA_AS.result.fasta	1	.	.	.	.	.	.	.	.	.	99.64	.	.	.	.	.	.	.	.	.	.	.
SAL_AD8831AA_AS.result.fasta	3	.	.	.	.	.	100.00	.	.	.	.	100.00	.	100.00	.	.	.	.	.	.	.	.
SAL_AD8838AA_AS.result.fasta	1	.	.	.	.	.	.	.	.	.	.	.	.	.	.	.	100.00	.	.	.	.	.
SAL_AD8844AA_AS.result.fasta	2	.	.	.	.	.	.	.	.	.	.	100.00	.	100.00	.	.	.	.	.	.	.	.
SAL_AD8853AA_AS.result.fasta	5	.	.	100.00	99.29;100.00	100.00	100.00	.	.	.	.	.	.	.	.	.	100.00	.	.	.	.	.
SAL_AD8863AA_AS.result.fasta	4	.	.	100.00	99.29;100.00	100.00	100.00	.	.	.	.	.	.	.	.	.	.	.	.	.	.	.
SAL_AD8869AA_AS.result.fasta	5	.	.	.	.	.	100.00	.	.	.	.	100.00	.	100.00	.	.	.	.	100.00	90.37	.	.
SAL_AD8872AA_AS.result.fasta	5	.	.	.	.	.	100.00	.	.	.	.	100.00	.	100.00	.	.	.	.	100.00	90.37	.	.
SAL_AD8922AA_AS.result.fasta	1	.	.	.	.	.	.	.	.	.	99.64	.	.	.	.	.	.	.	.	.	.	.
SAL_AD8933AA_AS.result.fasta	1	.	.	.	.	.	.	.	.	.	99.64	.	.	.	.	.	.	.	.	.	.	.
SAL_AD8938AA_AS.result.fasta	3	.	.	.	.	.	100.00	.	.	.	.	100.00	.	100.00	.	.	.	.	.	.	.	.
SAL_AD9032AA_AS.result.fasta	3	.	.	.	.	.	100.00	.	.	.	.	100.00	.	100.00	.	.	.	.	.	.	.	.
SAL_AD9055AA_AS.result.fasta	3	.	.	.	.	.	100.00	.	.	.	.	100.00	.	100.00	.	.	.	.	.	.	.	.
SAL_AD9081AA_AS.result.fasta	1	.	.	.	.	.	.	.	.	.	99.64	.	.	.	.	.	.	.	.	.	.	.
SAL_AD9086AA_AS.result.fasta	1	.	.	.	.	.	.	.	.	.	99.64	.	.	.	.	.	.	.	.	.	.	.
SAL_AD9101AA_AS.result.fasta	1	.	.	.	.	.	.	.	.	.	.	.	.	.	.	.	100.00	.	.	.	.	.
SAL_AD9156AA_AS.result.fasta	4	.	.	100.00	99.29;100.00	100.00	100.00	.	.	.	.	.	.	.	.	.	.	.	.	.	.	.
SAL_AD9157AA_AS.result.fasta	2	.	.	.	.	.	.	.	.	.	.	100.00	.	100.00	.	.	.	.	.	.	.	.
SAL_AD9200AA_AS.result.fasta	4	.	.	.	99.29;100.00	100.00	100.00	.	.	.	.	.	.	.	.	.	100.00	.	.	.	.	.
SAL_AD9514AA_AS.result.fasta	1	.	.	.	.	.	.	.	.	.	99.64	.	.	.	.	.	.	.	.	.	.	.
SAL_AD9515AA_AS.result.fasta	1	.	.	.	.	.	.	.	.	.	99.64	.	.	.	.	.	.	.	.	.	.	.
SAL_AD9516AA_AS.result.fasta	1	.	.	.	.	.	.	.	.	.	99.64	.	.	.	.	.	.	.	.	.	.	.
SAL_AD9517AA_AS.result.fasta	1	.	.	.	.	.	.	.	.	.	99.64	.	.	.	.	.	.	.	.	.	.	.
SAL_AD9518AA_AS.result.fasta	1	.	.	.	.	.	.	.	.	.	99.64	.	.	.	.	.	.	.	.	.	.	.
SAL_AD9520AA_AS.result.fasta	1	.	.	.	.	.	.	.	.	.	99.64	.	.	.	.	.	.	.	.	.	.	.
SAL_AD9521AA_AS.result.fasta	1	.	.	.	.	.	.	.	.	.	99.64	.	.	.	.	.	.	.	.	.	.	.
SAL_AD9523AA_AS.result.fasta	1	.	.	.	.	.	.	.	.	.	99.64	.	.	.	.	.	.	.	.	.	.	.
SAL_AD9524AA_AS.result.fasta	1	.	.	.	.	.	.	.	.	.	99.64	.	.	.	.	.	.	.	.	.	.	.
SAL_BB2263AA_AS.result.fasta	1	.	.	.	.	.	.	.	.	.	99.64	.	.	.	.	.	.	.	.	.	.	.
SAL_BC4443AA_AS.result.fasta	5	.	100.00	.	.	.	.	100.00	.	.	.	.	.	.	100.00	100.00	100.00	.	.	.	.	.
SAL_BC4445AA_AS.result.fasta	4	.	.	.	.	.	.	100.00	.	.	.	.	.	.	100.00	100.00	100.00	.	.	.	.	.
SAL_BC4450AA_AS.result.fasta	5	.	100.00	.	.	.	.	100.00	.	.	.	.	.	.	100.00	100.00	100.00;100.00	.	.	.	.	.
SAL_BC7151AA_AS.result.fasta	5	.	100.00	.	.	.	.	100.00	.	.	.	.	.	.	100.00	100.00	100.00	.	.	.	.	.
SAL_BD3881AA_AS.result.fasta	1	.	.	.	.	.	.	.	.	.	99.64	.	.	.	.	.	.	.	.	.	.	.
SAL_BD3887AA_AS.result.fasta	5	.	.	.	.	.	100.00	.	.	.	.	100.00	.	100.00	.	.	.	.	100.00	90.37	.	.
SAL_BD3888AA_AS.result.fasta	5	.	.	.	.	.	100.00	.	.	.	.	100.00	.	100.00	.	.	.	.	100.00	90.37	.	.
SAL_BD3939AA_AS.result.fasta	1	.	.	.	.	.	.	.	.	.	99.64	.	.	.	.	.	.	.	.	.	.	.
SAL_CD5462AA_AS.result.fasta	5	.	.	.	.	.	100.00	.	.	.	.	100.00	.	100.00	.	.	.	.	100.00	90.37	.	.
SAL_DC0038AA_AS.result.fasta	2	.	100.00	.	.	.	100.00	.	.	.	.	.	.	.	.	.	.	.	.	.	.	.
SAL_DC0046AA_AS.result.fasta	1	.	.	.	.	.	.	.	.	.	.	.	.	.	.	.	.	100.00	.	.	.	.
SAL_DC0051AA_AS.result.fasta	1	.	.	.	.	.	.	.	.	.	.	.	.	.	.	.	.	100.00	.	.	.	.
SAL_DC0052AA_AS.result.fasta	2	.	100.00	.	.	.	100.00	.	.	.	.	.	.	.	.	.	.	.	.	.	.	.
SAL_DC0054AA_AS.result.fasta	2	.	100.00	.	.	.	100.00	.	.	.	.	.	.	.	.	.	.	.	.	.	.	.
SAL_DC0055AA_AS.result.fasta	2	.	100.00	.	.	.	100.00	.	.	.	.	.	.	.	.	.	.	.	.	.	.	.
SAL_DC0057AA_AS.result.fasta	1	.	.	.	.	.	.	.	.	.	.	.	.	.	.	.	.	100.00	.	.	.	.
SAL_DC1804AA_AS.result.fasta	1	.	.	.	.	.	.	.	.	.	99.64	.	.	.	.	.	.	.	.	.	.	.
SAL_DC1805AA_AS.result.fasta	1	.	.	.	.	.	.	.	.	.	99.64	.	.	.	.	.	.	.	.	.	.	.
SAL_DC1808AA_AS.result.fasta	1	.	.	.	.	.	.	.	.	.	99.64	.	.	.	.	.	.	.	.	.	.	.
SAL_DC9599AA_AS.result.fasta	2	.	100.00	.	.	.	100.00	.	.	.	.	.	.	.	.	.	.	.	.	.	.	.
SAL_DC9601AA_AS.result.fasta	2	.	97.40;100.00	.	.	.	100.00	.	.	.	.	.	.	.	.	.	.	.	.	.	.	.
SAL_DC9604AA_AS.result.fasta	2	.	100.00	.	.	.	100.00	.	.	.	.	.	.	.	.	.	.	.	.	.	.	.
SAL_DC9619AA_AS.result.fasta	1	.	.	.	.	.	.	.	.	.	99.64	.	.	.	.	.	.	.	.	.	.	.
SAL_DC9620AA_AS.result.fasta	1	.	.	.	.	.	.	.	.	.	99.64	.	.	.	.	.	.	.	.	.	.	.
SAL_DC9621AA_AS.result.fasta	1	.	.	.	.	.	.	.	.	.	99.64	.	.	.	.	.	.	.	.	.	.	.
SAL_DC9627AA_AS.result.fasta	2	.	.	.	.	.	.	.	.	.	.	100.00	.	100.00	.	.	.	.	.	.	.	.
SAL_DC9633AA_AS.result.fasta	2	.	.	.	.	.	.	.	.	.	.	100.00	.	100.00	.	.	.	.	.	.	.	.
SAL_DC9634AA_AS.result.fasta	2	.	.	.	.	.	.	.	.	.	.	100.00	.	100.00	.	.	.	.	.	.	.	.
SAL_DC9636AA_AS.result.fasta	2	.	.	.	.	.	.	.	.	.	.	100.00	.	100.00	.	.	.	.	.	.	.	.
SAL_DC9639AA_AS.result.fasta	1	.	.	100.00	.	.	.	.	.	.	.	.	.	.	.	.	.	.	.	.	.	.
SAL_DC9640AA_AS.result.fasta	1	.	.	.	.	.	.	.	.	.	99.64	.	.	.	.	.	.	.	.	.	.	.
SAL_DC9641AA_AS.result.fasta	2	.	.	.	.	.	.	.	.	.	.	100.00	.	100.00	.	.	.	.	.	.	.	.
SAL_DC9643AA_AS.result.fasta	2	.	.	.	.	.	.	.	.	.	.	100.00	.	100.00	.	.	.	.	.	.	.	.
SAL_DC9647AA_AS.result.fasta	1	.	.	.	.	.	.	.	.	.	99.64	.	.	.	.	.	.	.	.	.	.	.
SAL_DC9648AA_AS.result.fasta	1	.	.	.	.	.	.	.	.	.	99.64	.	.	.	.	.	.	.	.	.	.	.
SAL_DC9649AA_AS.result.fasta	1	.	.	.	.	.	.	.	.	.	99.64	.	.	.	.	.	.	.	.	.	.	.
SAL_DC9651AA_AS.result.fasta	1	.	.	.	.	.	.	.	.	.	99.64	.	.	.	.	.	.	.	.	.	.	.
SAL_DC9654AA_AS.result.fasta	1	.	.	.	.	.	.	.	.	.	99.64	.	.	.	.	.	.	.	.	.	.	.
SAL_DC9655AA_AS.result.fasta	2	.	.	.	.	.	.	.	.	.	.	100.00	.	100.00	.	.	.	.	.	.	.	.
SAL_DC9661AA_AS.result.fasta	1	.	.	.	.	.	.	.	.	.	99.64	.	.	.	.	.	.	.	.	.	.	.
SAL_DC9663AA_AS.result.fasta	1	.	.	.	.	.	.	.	.	.	99.64	.	.	.	.	.	.	.	.	.	.	.
SAL_DD3533AA_AS.result.fasta	5	.	.	.	.	.	100.00	.	.	.	.	100.00	.	100.00	.	.	.	.	100.00	90.37	.	.
SAL_DD3534AA_AS.result.fasta	5	.	.	.	.	.	100.00	.	.	.	.	100.00	.	100.00	.	.	.	.	100.00	90.37	.	.
SAL_FB0401AA_AS.result.fasta	4	.	.	.	.	.	.	.	100.00	100.00	.	100.00	.	100.00	.	.	.	.	.	.	.	.
SAL_FB0407AA_AS.result.fasta	2	.	.	.	.	.	.	.	.	.	.	100.00	.	100.00	.	.	.	.	.	.	.	.
SAL_FB0410AA_AS.result.fasta	2	.	.	.	.	.	.	.	.	.	.	100.00	.	100.00	.	.	.	.	.	.	.	.
SAL_FB0415AA_AS.result.fasta	2	.	.	.	.	.	.	.	.	.	.	100.00	.	100.00	.	.	.	.	.	.	.	.
SAL_GD2468AA_AS.result.fasta	1	.	.	.	.	.	.	.	.	.	99.64	.	.	.	.	.	.	.	.	.	.	.
SAL_HB4498AA_AS.result.fasta	2	.	.	.	.	100.00	.	.	.	.	99.64	.	.	.	.	.	.	.	.	.	.	.
SAL_HB4512AA_AS.result.fasta	1	.	.	.	.	.	.	.	.	.	99.64	.	.	.	.	.	.	.	.	.	.	.
SAL_HB4519AA_AS.result.fasta	2	.	.	.	.	100.00	.	.	.	.	99.64	.	.	.	.	.	.	.	.	.	.	.
SAL_HB4545AA_AS.result.fasta	1	.	.	.	.	.	.	.	.	.	99.64	.	.	.	.	.	.	.	.	.	.	.
SAL_HB4581AA_AS.result.fasta	1	.	.	.	.	.	.	.	.	.	99.64	.	.	.	.	.	.	.	.	.	.	.
SAL_HB4582AA_AS.result.fasta	1	.	.	.	.	.	.	.	.	.	99.64	.	.	.	.	.	.	.	.	.	.	.
SAL_HB4585AA_AS.result.fasta	1	.	.	.	.	.	.	.	.	.	99.64	.	.	.	.	.	.	.	.	.	.	.
SAL_HB4593AA_AS.result.fasta	1	.	.	.	.	.	.	.	.	.	99.64	.	.	.	.	.	.	.	.	.	.	.
SAL_HB4594AA_AS.result.fasta	1	.	.	.	.	.	.	.	.	.	99.64	.	.	.	.	.	.	.	.	.	.	.
SAL_HB5936AA_AS.result.fasta	1	.	.	.	.	.	.	.	.	.	99.64	.	.	.	.	.	.	.	.	.	.	.
SAL_HB5937AA_AS.result.fasta	1	.	.	.	.	.	.	.	.	.	99.64	.	.	.	.	.	.	.	.	.	.	.
SAL_HB5938AA_AS.result.fasta	1	.	.	.	.	.	.	.	.	.	99.64	.	.	.	.	.	.	.	.	.	.	.
SAL_HB5939AA_AS.result.fasta	2	.	.	.	.	100.00	.	.	.	.	99.64	.	.	.	.	.	.	.	.	.	.	.
SAL_HB5940AA_AS.result.fasta	1	.	.	.	.	.	.	.	.	.	99.64	.	.	.	.	.	.	.	.	.	.	.
SAL_HB5941AA_AS.result.fasta	1	.	.	.	.	.	.	.	.	.	99.64	.	.	.	.	.	.	.	.	.	.	.
SAL_HB5942AA_AS.result.fasta	1	.	.	.	.	.	.	.	.	.	99.64	.	.	.	.	.	.	.	.	.	.	.
SAL_HB5944AA_AS.result.fasta	1	.	.	.	.	.	.	.	.	.	99.64	.	.	.	.	.	.	.	.	.	.	.
SAL_HB5946AA_AS.result.fasta	1	.	.	.	.	.	.	.	.	.	99.64	.	.	.	.	.	.	.	.	.	.	.
SAL_HB5951AA_AS.result.fasta	1	.	.	.	.	.	.	.	.	.	99.64	.	.	.	.	.	.	.	.	.	.	.
SAL_HB5959AA_AS.result.fasta	3	.	.	.	.	100.00	98.46	.	.	.	99.64	.	.	.	.	.	.	.	.	.	.	.
SAL_HB5960AA_AS.result.fasta	2	.	.	.	.	.	.	.	.	.	99.64	.	.	.	.	.	.	.	.	.	100.00	.
SAL_HB5963AA_AS.result.fasta	1	.	.	.	.	.	.	.	.	.	99.64	.	.	.	.	.	.	.	.	.	.	.
SAL_HB9471AA_AS.result.fasta	1	.	.	.	.	.	.	.	.	.	99.64	.	.	.	.	.	.	.	.	.	.	.
SAL_HB9472AA_AS.result.fasta	1	.	.	.	.	.	.	.	.	.	99.64	.	.	.	.	.	.	.	.	.	.	.
SAL_HB9484AA_AS.result.fasta	1	.	.	.	.	.	.	.	.	.	99.64	.	.	.	.	.	.	.	.	.	.	.
SAL_HB9648AA_AS.result.fasta	1	.	.	.	.	.	.	.	.	.	99.64	.	.	.	.	.	.	.	.	.	.	.
SAL_HB9687AA_AS.result.fasta	2	.	.	.	.	100.00	.	.	.	.	99.64	.	.	.	.	.	.	.	.	.	.	.
SAL_HC4453AA_AS.result.fasta	2	.	.	.	.	.	.	.	.	.	.	100.00	.	100.00	.	.	.	.	.	.	.	.
SAL_HC4464AA_AS.result.fasta	2	.	.	.	.	.	.	.	.	.	.	100.00	.	100.00	.	.	.	.	.	.	.	.
SAL_HC4472AA_AS.result.fasta	2	.	.	.	.	.	.	.	.	.	.	100.00	.	100.00	.	.	.	.	.	.	.	.
SAL_HC4478AA_AS.result.fasta	2	.	.	.	.	.	.	.	.	.	.	100.00	.	100.00	.	.	.	.	.	.	.	.
SAL_HC4481AA_AS.result.fasta	2	.	.	.	.	.	.	.	.	.	.	100.00	.	100.00	.	.	.	.	.	.	.	.
SAL_HC4482AA_AS.result.fasta	2	.	.	.	.	.	.	.	.	.	.	100.00	.	100.00	.	.	.	.	.	.	.	.
SAL_HD4888AA_AS.result.fasta	3	.	.	.	.	.	100.00	.	.	.	.	100.00	.	100.00	.	.	.	.	.	.	.	.
SAL_HD4892AA_AS.result.fasta	1	.	.	.	.	.	.	.	.	.	99.64	.	.	.	.	.	.	.	.	.	.	.
SAL_HD4893AA_AS.result.fasta	2	.	.	.	.	.	.	.	.	.	.	100.00	.	100.00	.	.	.	.	.	.	.	.
SAL_HD4894AA_AS.result.fasta	2	.	.	.	.	.	.	.	.	.	.	100.00	.	100.00	.	.	.	.	.	.	.	.
SAL_HD4895AA_AS.result.fasta	2	.	.	.	.	.	.	.	.	.	.	100.00	.	100.00	.	.	.	.	.	.	.	.
SAL_HD4896AA_AS.result.fasta	1	.	.	.	.	.	.	.	.	.	99.64	.	.	.	.	.	.	.	.	.	.	.
SAL_HD4902AA_AS.result.fasta	3	.	.	.	.	.	.	100.00	.	.	.	.	.	.	100.00	100.00	.	.	.	.	.	.
SAL_HD4905AA_AS.result.fasta	2	.	.	.	.	.	.	.	.	.	.	100.00	.	100.00	.	.	.	.	.	.	.	.
SAL_HD4906AA_AS.result.fasta	1	.	.	.	.	.	100.00	.	.	.	.	.	.	.	.	.	.	.	.	.	.	.
SAL_HD4916AA_AS.result.fasta	3	.	.	.	.	.	.	100.00	.	.	.	.	.	.	100.00	100.00	.	.	.	.	.	.
SAL_HD4925AA_AS.result.fasta	1	.	.	.	.	.	.	.	.	.	99.64	.	.	.	.	.	.	.	.	.	.	.
SAL_HD4927AA_AS.result.fasta	3	.	.	.	.	.	.	100.00	.	.	.	.	.	.	100.00	100.00	.	.	.	.	.	.
SAL_HD4929AA_AS.result.fasta	1	.	.	.	.	.	100.00	.	.	.	.	.	.	.	.	.	.	.	.	.	.	.
SAL_HD4931AA_AS.result.fasta	4	.	.	.	.	.	100.00;100.00	100.00	.	.	.	.	.	.	100.00	100.00	.	.	.	.	.	.
SAL_HD4935AA_AS.result.fasta	2	.	.	.	.	.	.	.	.	.	.	100.00	.	100.00	.	.	.	.	.	.	.	.
SAL_HD4936AA_AS.result.fasta	2	.	.	.	.	.	.	.	.	.	.	100.00	.	100.00	.	.	.	.	.	.	.	.
SAL_HD4937AA_AS.result.fasta	2	.	.	.	.	.	.	.	.	.	.	100.00	.	100.00	.	.	.	.	.	.	.	.
SAL_HD4949AA_AS.result.fasta	3	.	.	.	.	.	100.00	.	.	.	.	100.00	.	100.00	.	.	.	.	.	.	.	.
SAL_HD4971AA_AS.result.fasta	3	.	.	.	.	.	.	100.00	.	.	.	.	.	.	100.00	100.00	.	.	.	.	.	.
SAL_HD4977AA_AS.result.fasta	2	.	.	.	.	.	.	.	.	.	.	100.00	.	100.00	.	.	.	.	.	.	.	.
SAL_HD4982AA_AS.result.fasta	3	.	.	.	.	.	.	100.00	.	.	.	.	.	.	100.00	100.00	.	.	.	.	.	.
SAL_IA5190AA_AS.scaffold.fasta	5	.	.	.	.	.	100.00	.	.	.	.	100.00	.	100.00	.	.	.	.	100.00	90.37	.	.
SAL_IA5191AA_AS.scaffold.fasta	2	.	.	.	.	.	.	.	.	.	.	100.00	.	100.00	.	.	.	.	.	.	.	.
SAL_IA5194AA_AS.scaffold.fasta	2	.	.	.	.	.	.	.	.	.	.	100.00	.	100.00	.	.	.	.	.	.	.	.
SAL_IA5201AA_AS.scaffold.fasta	2	.	.	.	.	.	.	.	.	.	.	100.00	.	100.00	.	.	.	.	.	.	.	.
SAL_IA5205AA_AS.scaffold.fasta	2	.	.	.	.	.	.	.	.	.	.	100.00	.	100.00	.	.	.	.	.	.	.	.
SAL_IA5208AA_AS.scaffold.fasta	5	.	.	.	.	.	100.00	.	.	.	.	100.00	.	100.00	.	.	.	.	100.00	90.37	.	.
SAL_IA5209AA_AS.scaffold.fasta	5	.	.	.	.	.	100.00	.	.	.	.	100.00	.	100.00	.	.	.	.	100.00	90.37	.	.
SAL_IA5212AA_AS.scaffold.fasta	4	.	.	.	.	.	.	.	.	.	.	100.00	.	100.00	.	.	.	.	100.00	90.37	.	.
SAL_IA5213AA_AS.scaffold.fasta	5	.	.	.	.	.	100.00	.	.	.	.	100.00	.	100.00	.	.	.	.	100.00	90.37	.	.
SAL_IA5214AA_AS.scaffold.fasta	2	.	.	.	.	.	.	.	.	.	.	100.00	.	100.00	.	.	.	.	.	.	.	.
SAL_IA5215AA_AS.scaffold.fasta	2	.	.	.	.	.	.	.	.	.	.	100.00	.	100.00	.	.	.	.	.	.	.	.
SAL_IA5216AA_AS.scaffold.fasta	2	.	.	.	.	.	.	.	.	.	.	100.00	.	100.00	.	.	.	.	.	.	.	.
SAL_IA5218AA_AS.scaffold.fasta	3	.	.	.	.	100.00	.	.	.	.	.	100.00	.	100.00	.	.	.	.	.	.	.	.
SAL_IA5219AA_AS.scaffold.fasta	2	.	.	.	.	.	.	.	.	.	.	100.00	.	100.00	.	.	.	.	.	.	.	.
SAL_IC2155AA_AS.result.fasta	1	.	.	.	.	.	.	.	.	.	99.64	.	.	.	.	.	.	.	.	.	.	.
SAL_IC2156AA_AS.result.fasta	1	.	.	.	.	.	.	.	.	.	99.64	.	.	.	.	.	.	.	.	.	.	.
SAL_IC2158AA_AS.result.fasta	2	.	.	.	.	.	.	.	.	.	.	100.00	.	100.00	.	.	.	.	.	.	.	.
SAL_IC2159AA_AS.result.fasta	1	.	.	.	.	.	.	.	.	.	99.64	.	.	.	.	.	.	.	.	.	.	.
SAL_IC2161AA_AS.result.fasta	1	.	.	.	.	.	.	.	.	.	99.64	.	.	.	.	.	.	.	.	.	.	.
SAL_IC2163AA_AS.result.fasta	1	.	.	.	.	.	.	.	.	.	99.64	.	.	.	.	.	.	.	.	.	.	.
SAL_IC2164AA_AS.result.fasta	1	.	.	.	.	.	.	.	.	.	99.64	.	.	.	.	.	.	.	.	.	.	.
SAL_IC2165AA_AS.result.fasta	2	.	.	.	.	.	.	.	.	.	99.64	.	100.00	.	.	.	.	.	.	.	.	.
SAL_IC2166AA_AS.result.fasta	1	.	.	.	.	.	.	.	.	.	99.64	.	.	.	.	.	.	.	.	.	.	.
SAL_IC2168AA_AS.result.fasta	1	.	.	.	.	.	.	.	.	.	99.64	.	.	.	.	.	.	.	.	.	.	.
SAL_IC2169AA_AS.result.fasta	1	.	.	.	.	.	.	.	.	.	99.64	.	.	.	.	.	.	.	.	.	.	.
SAL_IC2172AA_AS.result.fasta	1	.	.	.	.	.	.	.	.	.	99.64	.	.	.	.	.	.	.	.	.	.	.
SAL_IC2174AA_AS.result.fasta	1	.	.	.	.	.	.	.	.	.	99.64	.	.	.	.	.	.	.	.	.	.	.
SAL_IC2175AA_AS.result.fasta	1	.	.	.	.	.	.	.	.	.	99.64	.	.	.	.	.	.	.	.	.	.	.
SAL_IC2177AA_AS.result.fasta	1	.	.	.	.	.	.	.	.	.	99.64	.	.	.	.	.	.	.	.	.	.	.
SAL_IC2178AA_AS.result.fasta	1	.	.	.	.	.	.	.	.	.	99.64	.	.	.	.	.	.	.	.	.	.	.
SAL_IC2180AA_AS.result.fasta	1	.	.	.	.	.	.	.	.	.	99.64	.	.	.	.	.	.	.	.	.	.	.
SAL_IC2182AA_AS.result.fasta	1	.	.	.	.	.	.	.	.	.	99.64	.	.	.	.	.	.	.	.	.	.	.
SAL_IC2184AA_AS.result.fasta	1	.	.	.	.	.	.	.	.	.	99.64	.	.	.	.	.	.	.	.	.	.	.
SAL_IC2185AA_AS.result.fasta	1	.	.	.	.	.	.	.	.	.	99.64	.	.	.	.	.	.	.	.	.	.	.
SAL_IC2187AA_AS.result.fasta	1	.	.	.	.	.	.	.	.	.	99.64	.	.	.	.	.	.	.	.	.	.	.
SAL_IC2191AA_AS.result.fasta	1	.	.	.	.	.	.	.	.	.	99.64	.	.	.	.	.	.	.	.	.	.	.
SAL_JC3730AA_AS.result.fasta	1	.	.	.	.	.	.	.	.	.	99.64	.	.	.	.	.	.	.	.	.	.	.
SAL_JC3731AA_AS.result.fasta	1	.	.	.	.	.	.	.	.	.	99.64	.	.	.	.	.	.	.	.	.	.	.
SAL_JC3732AA_AS.result.fasta	1	.	.	.	.	.	.	.	.	.	.	.	.	.	.	.	.	100.00	.	.	.	.
SAL_JC3734AA_AS.result.fasta	1	.	.	.	.	.	.	.	.	.	99.64	.	.	.	.	.	.	.	.	.	.	.
SAL_JC3735AA_AS.result.fasta	2	.	.	.	.	.	.	.	.	.	99.64	.	.	.	.	.	.	.	100.00	.	.	.
SAL_JC3737AA_AS.result.fasta	1	.	.	.	.	.	.	.	.	.	99.64	.	.	.	.	.	.	.	.	.	.	.
SAL_JC3740AA_AS.result.fasta	1	.	.	.	.	.	.	.	.	.	99.64	.	.	.	.	.	.	.	.	.	.	.
SAL_JC3743AA_AS.result.fasta	1	.	.	.	.	.	.	.	.	.	99.64	.	.	.	.	.	.	.	.	.	.	.
SAL_JC3746AA_AS.result.fasta	1	.	.	.	.	.	.	.	.	.	99.64	.	.	.	.	.	.	.	.	.	.	.
SAL_KA9429AA_AS.scaffold.fasta	3	.	.	.	.	100.00	.	.	.	.	.	100.00	.	100.00	.	.	.	.	.	.	.	.
SAL_KA9430AA_AS.scaffold.fasta	5	.	.	.	.	100.00	100.00	.	.	.	.	100.00	.	100.00	.	.	.	100.00	.	.	.	.
SAL_KA9442AA_AS.scaffold.fasta	1	.	.	.	.	.	.	.	.	.	.	.	.	100.00	.	.	.	.	.	.	.	.
SAL_KA9443AA_AS.scaffold.fasta	5	.	.	.	.	.	100.00	.	.	.	.	100.00	.	100.00	.	.	.	.	100.00	90.37	.	.
SAL_KA9445AA_AS.scaffold.fasta	2	.	.	.	.	.	.	.	.	.	.	100.00	.	100.00	.	.	.	.	.	.	.	.
SAL_KA9461AA_AS.scaffold.fasta	2	.	.	.	.	.	.	.	.	.	.	100.00	.	100.00	.	.	.	.	.	.	.	.
SAL_KA9470AA_AS.scaffold.fasta	1	.	.	.	.	.	100.00	.	.	.	.	.	.	.	.	.	.	.	.	.	.	.
SAL_KA9474AA_AS.scaffold.fasta	5	.	.	.	.	.	100.00	.	.	.	.	100.00	.	100.00	.	.	.	.	100.00	90.37	.	.
SAL_KA9484AA_AS.scaffold.fasta	1	.	.	.	.	.	.	.	.	.	.	100.00	.	.	.	.	.	.	.	.	.	.
SAL_KC9986AA_AS.result.fasta	2	.	.	.	.	.	.	.	.	.	.	100.00	.	100.00	.	.	.	.	.	.	.	.
SAL_KC9993AA_AS.result.fasta	2	.	.	.	.	.	.	.	.	.	.	100.00	.	100.00	.	.	.	.	.	.	.	.
SAL_KC9996AA_AS.result.fasta	2	.	.	.	.	.	.	.	.	.	.	100.00	.	100.00	.	.	.	.	.	.	.	.
SAL_KD2091AA_AS.result.fasta	1	.	.	.	.	.	.	.	.	.	99.64	.	.	.	.	.	.	.	.	.	.	.
SAL_KD2092AA_AS.result.fasta	1	.	.	.	.	.	.	.	.	.	99.64	.	.	.	.	.	.	.	.	.	.	.
SAL_KD2093AA_AS.result.fasta	1	.	.	.	.	.	90.77	.	.	.	.	.	.	.	.	.	.	.	.	.	.	.
SAL_KD2094AA_AS.result.fasta	1	.	.	.	.	.	.	.	.	.	99.64	.	.	.	.	.	.	.	.	.	.	.
SAL_KD2095AA_AS.result.fasta	1	.	.	.	.	.	.	.	.	.	99.64	.	.	.	.	.	.	.	.	.	.	.
SAL_KD2096AA_AS.result.fasta	1	.	.	.	.	.	.	.	.	.	99.64	.	.	.	.	.	.	.	.	.	.	.
SAL_KD2097AA_AS.result.fasta	1	.	.	.	.	.	.	.	.	.	99.64	.	.	.	.	.	.	.	.	.	.	.
SAL_KD2098AA_AS.result.fasta	1	.	.	.	.	.	.	.	.	.	99.64	.	.	.	.	.	.	.	.	.	.	.
SAL_KD2099AA_AS.result.fasta	1	.	.	.	.	.	.	.	.	.	99.64	.	.	.	.	.	.	.	.	.	.	.
SAL_KD2100AA_AS.result.fasta	1	.	.	.	.	.	.	.	.	.	99.64	.	.	.	.	.	.	.	.	.	.	.
SAL_KD2101AA_AS.result.fasta	1	.	.	.	.	.	.	.	.	.	99.64	.	.	.	.	.	.	.	.	.	.	.
SAL_KD2103AA_AS.result.fasta	1	.	.	.	.	.	.	.	.	.	99.64	.	.	.	.	.	.	.	.	.	.	.
SAL_KD2104AA_AS.result.fasta	1	.	.	.	.	.	.	.	.	.	99.64	.	.	.	.	.	.	.	.	.	.	.
SAL_KD2105AA_AS.result.fasta	1	.	.	.	.	.	.	.	.	.	99.64	.	.	.	.	.	.	.	.	.	.	.
SAL_KD2107AA_AS.result.fasta	2	.	.	.	.	.	.	.	.	.	99.64	.	.	.	.	.	.	.	.	.	100.00	.
SAL_KD2108AA_AS.result.fasta	1	.	.	.	.	.	.	.	.	.	99.64	.	.	.	.	.	.	.	.	.	.	.
SAL_KD2109AA_AS.result.fasta	1	.	.	.	.	.	.	.	.	.	99.64	.	.	.	.	.	.	.	.	.	.	.
SAL_KD2110AA_AS.result.fasta	1	.	.	.	.	.	.	.	.	.	99.64	.	.	.	.	.	.	.	.	.	.	.
SAL_KD2112AA_AS.result.fasta	2	.	.	.	.	.	.	.	.	.	99.64	.	.	.	.	.	.	.	.	.	.	100.00
SAL_KD2113AA_AS.result.fasta	2	.	.	.	.	.	.	.	.	.	99.64	.	.	.	.	.	.	.	.	.	.	100.00
SAL_KD2114AA_AS.result.fasta	2	.	.	.	.	.	.	.	.	.	99.64	.	.	.	.	.	.	.	.	.	.	100.00
SAL_KD2115AA_AS.result.fasta	2	.	.	.	.	.	.	.	.	.	99.64	.	.	.	.	.	.	.	.	.	.	100.00
SAL_KD2116AA_AS.result.fasta	1	.	.	.	.	.	.	.	.	.	99.64	.	.	.	.	.	.	.	.	.	.	.
SAL_KD2117AA_AS.result.fasta	1	.	.	.	.	.	.	.	.	.	99.64	.	.	.	.	.	.	.	.	.	.	.
SAL_KD2118AA_AS.result.fasta	1	.	.	.	.	.	.	.	.	.	99.64	.	.	.	.	.	.	.	.	.	.	.
SAL_KD8015AA_AS.result.fasta	2	.	.	.	.	.	.	.	.	.	99.64	.	.	.	.	.	.	.	.	.	100.00	.
SAL_KD8016AA_AS.result.fasta	1	.	.	.	.	.	.	.	.	.	99.64	.	.	.	.	.	.	.	.	.	.	.
SAL_KD8017AA_AS.result.fasta	1	.	.	.	.	.	.	.	.	.	99.64	.	.	.	.	.	.	.	.	.	.	.
SAL_KD8019AA_AS.result.fasta	1	.	.	.	.	.	.	.	.	.	99.64	.	.	.	.	.	.	.	.	.	.	.
SAL_KD8020AA_AS.result.fasta	1	.	.	.	.	.	.	.	.	.	99.64	.	.	.	.	.	.	.	.	.	.	.
SAL_KD8021AA_AS.result.fasta	1	.	.	.	.	.	.	.	.	.	99.64	.	.	.	.	.	.	.	.	.	.	.
SAL_LC0012AA_AS.result.fasta	2	.	.	.	.	.	.	.	.	.	.	100.00	.	100.00	.	.	.	.	.	.	.	.
SAL_LC0017AA_AS.result.fasta	5	.	.	.	.	.	100.00	.	.	.	.	100.00	.	100.00	.	.	.	.	100.00	90.37	.	.
SAL_MB2460AA_AS.result.fasta	2	.	.	.	.	.	.	.	.	.	.	100.00	.	100.00	.	.	.	.	.	.	.	.
SAL_MB2461AA_AS.result.fasta	2	.	.	.	.	.	.	.	.	.	.	100.00	.	100.00	.	.	.	.	.	.	.	.
SAL_MB2462AA_AS.result.fasta	2	.	.	.	.	.	.	.	.	.	.	100.00	.	100.00	.	.	.	.	.	.	.	.
SAL_MB2479AA_AS.result.fasta	2	.	.	.	.	.	.	.	.	.	.	100.00	.	100.00	.	.	.	.	.	.	.	.
SAL_MB2480AA_AS.result.fasta	2	.	.	.	.	.	.	.	.	.	.	100.00	.	100.00	.	.	.	.	.	.	.	.
SAL_MB2482AA_AS.result.fasta	2	.	.	.	.	.	.	.	.	.	.	100.00	.	100.00	.	.	.	.	.	.	.	.
SAL_MB2483AA_AS.result.fasta	2	.	.	.	.	.	.	.	.	.	.	100.00	.	100.00	.	.	.	.	.	.	.	.
SAL_MC6474AA_AS.result.fasta	2	.	.	.	.	.	.	.	.	.	.	100.00	.	100.00	.	.	.	.	.	.	.	.
SAL_MC6475AA_AS.result.fasta	2	.	.	.	.	.	.	.	.	.	.	100.00	.	100.00	.	.	.	.	.	.	.	.
SAL_MC6476AA_AS.result.fasta	2	.	.	.	.	.	.	.	.	.	.	100.00	.	100.00	.	.	.	.	.	.	.	.
SAL_MC6477AA_AS.result.fasta	2	.	.	.	.	.	.	.	.	.	.	100.00	.	100.00	.	.	.	.	.	.	.	.
SAL_MC6478AA_AS.result.fasta	2	.	.	.	.	.	.	.	.	.	.	100.00	.	100.00	.	.	.	.	.	.	.	.
SAL_MC6479AA_AS.result.fasta	1	.	.	.	.	.	.	.	.	.	.	100.00	.	.	.	.	.	.	.	.	.	.
SAL_MC6485AA_AS.result.fasta	5	.	.	.	.	.	100.00	.	.	.	.	100.00	.	100.00	.	.	.	.	100.00	90.37	.	.
SAL_MC6489AA_AS.result.fasta	2	.	.	.	.	.	.	.	.	.	.	100.00	.	100.00	.	.	.	.	.	.	.	.
SAL_MC6490AA_AS.result.fasta	1	.	.	.	.	.	.	.	.	.	99.64	.	.	.	.	.	.	.	.	.	.	.
SAL_MC6492AA_AS.result.fasta	1	.	.	.	.	.	.	.	.	.	99.64	.	.	.	.	.	.	.	.	.	.	.
SAL_MC6493AA_AS.result.fasta	1	.	.	.	.	.	.	.	.	.	99.64	.	.	.	.	.	.	.	.	.	.	.
SAL_MC6495AA_AS.result.fasta	1	.	.	.	.	.	.	.	.	.	99.64	.	.	.	.	.	.	.	.	.	.	.
SAL_MC6499AA_AS.result.fasta	1	.	.	.	.	.	.	.	.	.	99.64	.	.	.	.	.	.	.	.	.	.	.
SAL_MC6503AA_AS.result.fasta	1	.	.	.	.	.	.	.	.	.	99.64	.	.	.	.	.	.	.	.	.	.	.
SAL_MC6505AA_AS.result.fasta	6	.	.	.	.	98.25	100.00;100.00	.	.	.	.	100.00	.	100.00	.	.	.	.	100.00	90.37	.	.
SAL_MC6515AA_AS.result.fasta	1	.	.	.	.	.	.	.	.	.	99.64	.	.	.	.	.	.	.	.	.	.	.
SAL_MC6517AA_AS.result.fasta	1	.	.	.	.	.	.	.	.	.	99.64	.	.	.	.	.	.	.	.	.	.	.
SAL_MC6519AA_AS.result.fasta	5	.	.	.	.	.	100.00	.	.	.	.	100.00	.	100.00	.	.	.	.	100.00	90.37	.	.
SAL_MC7694AA_AS.result.fasta	2	.	.	.	.	.	.	.	.	.	.	100.00	.	100.00	.	.	.	.	.	.	.	.
SAL_MC7696AA_AS.result.fasta	1	.	.	.	.	.	.	.	.	.	.	100.00	.	.	.	.	.	.	.	.	.	.
SAL_OC2427AA_AS.result.fasta	5	.	.	.	.	.	100.00	.	.	.	.	100.00	.	100.00	.	.	.	.	100.00	90.37	.	.
SAL_OC3630AA_AS.result.fasta	5	.	.	.	.	.	100.00	.	.	.	.	100.00	.	100.00	.	.	.	.	100.00	90.37	.	.
SAL_TC9624AA_AS.result.fasta	1	.	.	.	.	.	.	.	.	.	99.64	.	.	.	.	.	.	.	.	.	.	.
SAL_TC9626AA_AS.result.fasta	1	.	.	.	.	.	.	.	.	.	99.64	.	.	.	.	.	.	.	.	.	.	.
SAL_TC9635AA_AS.result.fasta	1	.	.	.	.	.	.	.	.	.	99.64	.	.	.	.	.	.	.	.	.	.	.
SAL_TC9648AA_AS.result.fasta	1	.	.	.	.	.	.	.	.	.	99.64	.	.	.	.	.	.	.	.	.	.	.
SAL_TC9723AA_AS.result.fasta	1	.	.	.	.	.	.	.	.	.	99.64	.	.	.	.	.	.	.	.	.	.	.
SAL_TC9739AA_AS.result.fasta	1	.	.	.	.	.	.	.	.	.	99.64	.	.	.	.	.	.	.	.	.	.	.
SAL_TC9743AA_AS.result.fasta	1	.	.	.	.	.	.	.	.	.	99.64	.	.	.	.	.	.	.	.	.	.	.
SAL_TC9744AA_AS.result.fasta	1	.	.	.	.	.	.	.	.	.	99.64	.	.	.	.	.	.	.	.	.	.	.
SAL_TC9755AA_AS.result.fasta	1	.	.	.	.	.	.	.	.	.	99.64	.	.	.	.	.	.	.	.	.	.	.
SAL_TC9756AA_AS.result.fasta	1	.	.	.	.	.	.	.	.	.	99.64	.	.	.	.	.	.	.	.	.	.	.
SAL_TC9759AA_AS.result.fasta	1	.	.	.	.	.	.	.	.	.	99.64	.	.	.	.	.	.	.	.	.	.	.
SAL_TC9767AA_AS.result.fasta	1	.	.	100.00	.	.	.	.	.	.	.	.	.	.	.	.	.	.	.	.	.	.
SAL_TC9768AA_AS.result.fasta	1	.	.	.	.	.	.	.	.	.	99.64	.	.	.	.	.	.	.	.	.	.	.
SAL_TC9776AA_AS.result.fasta	1	.	.	.	.	.	.	.	.	.	99.64	.	.	.	.	.	.	.	.	.	.	.
SAL_TC9782AA_AS.result.fasta	1	.	.	.	.	.	.	.	.	.	99.64	.	.	.	.	.	.	.	.	.	.	.
SAL_TC9784AA_AS.result.fasta	1	.	.	.	.	.	.	.	.	.	99.64	.	.	.	.	.	.	.	.	.	.	.
SAL_TC9791AA_AS.result.fasta	1	.	.	.	.	.	.	.	.	.	99.64	.	.	.	.	.	.	.	.	.	.	.
SAL_TC9793AA_AS.result.fasta	1	.	.	.	.	.	.	.	.	.	99.64	.	.	.	.	.	.	.	.	.	.	.
SAL_TC9794AA_AS.result.fasta	3	.	.	.	.	.	100.00	.	.	.	.	100.00	.	100.00	.	.	.	.	.	.	.	.
SAL_TC9801AA_AS.result.fasta	1	.	.	.	.	.	.	.	.	.	99.64	.	.	.	.	.	.	.	.	.	.	.
SAL_TC9823AA_AS.result.fasta	1	.	.	.	.	.	.	.	.	.	99.64	.	.	.	.	.	.	.	.	.	.	.
SAL_TC9837AA_AS.result.fasta	1	.	.	.	.	.	.	.	.	.	99.64	.	.	.	.	.	.	.	.	.	.	.
SAL_UC6665AA_AS.result.fasta	5	.	.	.	.	.	100.00	.	.	.	.	100.00	.	100.00	.	.	.	.	100.00	90.37	.	.
SAL_UC6666AA_AS.result.fasta	5	.	.	.	.	.	100.00	.	.	.	.	100.00	.	100.00	.	.	.	.	100.00	90.37	.	.
SAL_UC6668AA_AS.result.fasta	5	.	.	.	.	.	100.00	.	.	.	.	100.00	.	100.00	.	.	.	.	100.00	90.37	.	.
SAL_UC6676AA_AS.result.fasta	4	.	.	.	.	.	.	.	.	.	.	100.00	.	100.00	.	.	.	.	100.00	90.37	.	.
SAL_UC6679AA_AS.result.fasta	5	.	.	.	.	.	100.00	.	.	.	.	100.00	.	100.00	.	.	.	.	100.00	90.37	.	.
SAL_UC6681AA_AS.result.fasta	2	.	.	.	.	.	.	.	.	.	.	100.00	.	100.00	.	.	.	.	.	.	.	.
SAL_UC6805AA_AS.result.fasta	1	.	.	.	.	.	.	.	.	.	99.64	.	.	.	.	.	.	.	.	.	.	.
SAL_UC6806AA_AS.result.fasta	1	.	.	.	.	.	.	.	.	.	99.64	.	.	.	.	.	.	.	.	.	.	.
SAL_UC6809AA_AS.result.fasta	1	.	.	.	.	.	.	.	.	.	99.64	.	.	.	.	.	.	.	.	.	.	.
SAL_UC6810AA_AS.result.fasta	1	.	.	.	.	.	.	.	.	.	99.64	.	.	.	.	.	.	.	.	.	.	.
SAL_VB0072AA_AS.result.fasta	2	.	.	.	.	.	.	.	.	.	.	100.00	.	100.00	.	.	.	.	.	.	.	.
SAL_VB0498AA_AS.result.fasta	2	.	.	.	.	.	.	.	.	.	.	100.00	.	100.00	.	.	.	.	.	.	.	.
SAL_VB0502AA_AS.result.fasta	2	.	.	.	.	.	.	.	.	.	.	100.00	.	100.00	.	.	.	.	.	.	.	.
SAL_VB0504AA_AS.result.fasta	5	.	.	.	.	.	100.00	.	.	.	.	100.00	.	100.00	.	.	.	.	100.00	90.37	.	.
SAL_VB2034AA_AS.result.fasta	1	.	.	.	.	.	.	.	.	.	99.64	.	.	.	.	.	.	.	.	.	.	.
SAL_VB2046AA_AS.result.fasta	1	.	.	.	.	.	.	.	.	.	99.64	.	.	.	.	.	.	.	.	.	.	.
SAL_VB2057AA_AS.result.fasta	1	.	.	.	.	.	.	.	.	.	99.64	.	.	.	.	.	.	.	.	.	.	.
SAL_VB2063AA_AS.result.fasta	1	.	.	.	.	.	.	.	.	.	99.64	.	.	.	.	.	.	.	.	.	.	.
SAL_VB2072AA_AS.result.fasta	1	.	.	.	.	.	.	.	.	.	99.64	.	.	.	.	.	.	.	.	.	.	.
SAL_VB2086AA_AS.result.fasta	5	.	.	.	.	.	100.00	.	.	.	.	100.00	.	100.00	.	.	.	.	100.00	90.37	.	.
SAL_VB2093AA_AS.result.fasta	3	.	.	.	.	.	100.00	.	.	.	.	100.00	.	100.00	.	.	.	.	.	.	.	.
SAL_VB2128AA_AS.result.fasta	2	.	.	.	.	.	.	.	.	.	.	100.00	.	100.00	.	.	.	.	.	.	.	.
SAL_VB2134AA_AS.result.fasta	2	.	.	.	.	.	.	.	.	.	.	100.00	.	100.00	.	.	.	.	.	.	.	.
SAL_WC7169AA_AS.result.fasta	1	.	.	.	.	.	.	.	.	.	.	.	.	.	.	.	100.00	.	.	.	.	.
SAL_WC7178AA_AS.result.fasta	2	.	.	.	.	.	.	.	.	.	.	100.00	.	100.00	.	.	.	.	.	.	.	.
SAL_WC7243AA_AS.result.fasta	3	.	.	.	.	.	100.00	.	.	.	.	100.00	.	100.00	.	.	.	.	.	.	.	.
SAL_WC7248AA_AS.result.fasta	2	.	.	.	.	.	.	.	.	.	.	100.00	.	100.00	.	.	.	.	.	.	.	.
SAL_XB7189AA_AS.result.fasta	2	.	.	.	.	.	.	.	.	.	.	100.00	.	100.00	.	.	.	.	.	.	.	.
SAL_XC1270AA_AS.result.fasta	3	.	.	.	.	.	100.00	.	.	.	.	100.00	.	100.00	.	.	.	.	.	.	.	.
SAL_XC1297AA_AS.result.fasta	1	.	.	.	.	.	.	.	.	.	99.64	.	.	.	.	.	.	.	.	.	.	.
SAL_XC1307AA_AS.result.fasta	2	.	.	.	.	.	.	.	.	.	.	100.00	.	100.00	.	.	.	.	.	.	.	.
SAL_XC1345AA_AS.result.fasta	4	.	.	.	.	.	100.00	.	.	.	.	.	.	100.00	.	.	.	.	100.00	90.37	.	.
SAL_XC1532AA_AS.result.fasta	1	.	.	.	.	.	100.00	.	.	.	.	.	.	.	.	.	.	.	.	.	.	.
SAL_XC1553AA_AS.result.fasta	1	.	.	.	.	.	100.00	.	.	.	.	.	.	.	.	.	.	.	.	.	.	.
SAL_XC1554AA_AS.result.fasta	1	.	.	.	.	.	.	.	.	.	99.64	.	.	.	.	.	.	.	.	.	.	.
SAL_XC1580AA_AS.result.fasta	3	.	.	100.00	99.29;99.29	100.00	.	.	.	.	.	.	.	.	.	.	.	.	.	.	.	.
SAL_XC1632AA_AS.result.fasta	1	.	.	.	.	.	.	.	.	.	99.64	.	.	.	.	.	.	.	.	.	.	.
SAL_XC1667AA_AS.result.fasta	1	.	.	.	.	.	.	.	.	.	99.64	.	.	.	.	.	.	.	.	.	.	.
SAL_XC1688AA_AS.result.fasta	1	.	.	.	.	.	.	.	.	.	99.64	.	.	.	.	.	.	.	.	.	.	.
SAL_XC1718AA_AS.result.fasta	1	.	.	.	.	.	.	.	.	.	99.64	.	.	.	.	.	.	.	.	.	.	.
SAL_XC1721AA_AS.result.fasta	1	.	.	.	.	.	.	.	.	.	99.64	.	.	.	.	.	.	.	.	.	.	.
SAL_XC1726AA_AS.result.fasta	1	.	.	100.00	.	.	.	.	.	.	.	.	.	.	.	.	.	.	.	.	.	.
SAL_XC1790AA_AS.result.fasta	1	.	.	.	.	.	.	.	.	.	99.64	.	.	.	.	.	.	.	.	.	.	.
SAL_XC1792AA_AS.result.fasta	1	.	.	.	.	.	.	.	.	.	99.64	.	.	.	.	.	.	.	.	.	.	.
SAL_XC1802AA_AS.result.fasta	1	.	.	.	.	.	.	.	.	.	99.64	.	.	.	.	.	.	.	.	.	.	.
SAL_XC1818AA_AS.result.fasta	1	.	.	.	.	.	.	.	.	.	99.64	.	.	.	.	.	.	.	.	.	.	.
SAL_XC1822AA_AS.result.fasta	1	.	.	.	.	.	.	.	.	.	99.64	.	.	.	.	.	.	.	.	.	.	.
SAL_XC1838AA_AS.result.fasta	1	.	.	.	.	.	.	.	.	.	99.64	.	.	.	.	.	.	.	.	.	.	.
SAL_XC1839AA_AS.result.fasta	1	.	.	.	.	.	.	.	.	.	99.64	.	.	.	.	.	.	.	.	.	.	.
SAL_XC1840AA_AS.result.fasta	1	.	.	.	.	.	.	.	.	.	99.64	.	.	.	.	.	.	.	.	.	.	.
SAL_XC1842AA_AS.result.fasta	1	.	.	.	.	.	.	.	.	.	99.64	.	.	.	.	.	.	.	.	.	.	.
SAL_XC1846AA_AS.result.fasta	1	.	.	.	.	.	.	.	.	.	99.64	.	.	.	.	.	.	.	.	.	.	.
SAL_XC2731AA_AS.result.fasta	1	.	.	.	.	.	.	.	.	.	99.64	.	.	.	.	.	.	.	.	.	.	.
SAL_XC2780AA_AS.result.fasta	5	.	.	.	.	.	100.00	.	.	.	.	100.00	.	100.00	.	.	.	.	100.00	90.37	.	.
SAL_XC4019AA_AS.result.fasta	5	.	.	.	.	.	100.00	.	.	.	.	100.00	.	100.00	.	.	.	.	100.00	90.37	.	.
SAL_XC6773AA_AS.result.fasta	2	.	.	.	.	.	.	.	.	.	.	100.00	.	100.00	.	.	.	.	.	.	.	.
SAL_XC6793AA_AS.result.fasta	1	.	.	.	.	.	.	.	.	.	.	.	.	.	.	.	100.00	.	.	.	.	.
SAL_XC6805AA_AS.result.fasta	1	.	.	.	.	.	100.00	.	.	.	.	.	.	.	.	.	.	.	.	.	.	.
SAL_XC6810AA_AS.result.fasta	1	.	.	.	.	.	100.00	.	.	.	.	.	.	.	.	.	.	.	.	.	.	.
SAL_XC6822AA_AS.result.fasta	2	.	.	.	.	.	.	.	.	.	.	100.00	.	100.00	.	.	.	.	.	.	.	.
SAL_XC6827AA_AS.result.fasta	1	.	.	.	.	.	100.00	.	.	.	.	.	.	.	.	.	.	.	.	.	.	.
SAL_XC8297AA_AS.result.fasta	1	.	.	.	.	.	.	.	.	.	99.64	.	.	.	.	.	.	.	.	.	.	.
SAL_XC8298AA_AS.result.fasta	1	.	.	.	.	.	.	.	.	.	99.64	.	.	.	.	.	.	.	.	.	.	.
SAL_XC8300AA_AS.result.fasta	1	.	.	.	.	.	.	.	.	.	99.64	.	.	.	.	.	.	.	.	.	.	.
SAL_XC8334AA_AS.result.fasta	1	.	.	.	.	.	.	.	.	.	99.64	.	.	.	.	.	.	.	.	.	.	.
SAL_XC8335AA_AS.result.fasta	1	.	.	.	.	.	.	.	.	.	99.64	.	.	.	.	.	.	.	.	.	.	.
SAL_YC0756AA_AS.result.fasta	3	.	.	.	.	.	100.00	.	.	.	.	100.00	.	100.00	.	.	.	.	.	.	.	.
SAL_YC0765AA_AS.result.fasta	1	.	.	.	.	.	100.00	.	.	.	.	.	.	.	.	.	.	.	.	.	.	.
SAL_YC0807AA_AS.result.fasta	3	.	.	.	.	.	100.00	.	.	.	.	100.00	.	100.00	.	.	.	.	.	.	.	.
SAL_YC0819AA_AS.result.fasta	3	.	.	.	.	.	100.00	.	.	.	.	100.00	.	100.00	.	.	.	.	.	.	.	.
SAL_YC0836AA_AS.result.fasta	3	.	.	.	.	.	100.00	.	.	.	.	100.00	.	100.00	.	.	.	.	.	.	.	.
SAL_YC0838AA_AS.result.fasta	1	.	.	.	.	.	.	.	.	.	.	.	.	.	.	.	100.00	.	.	.	.	.
SAL_YC0844AA_AS.result.fasta	1	.	.	.	.	.	.	.	.	.	.	.	.	.	.	.	100.00	.	.	.	.	.
SAL_YC0848AA_AS.result.fasta	1	.	.	.	.	.	.	.	.	.	.	.	.	.	.	.	100.00	.	.	.	.	.
SAL_YC0865AA_AS.result.fasta	3	.	.	.	.	.	100.00	.	.	.	.	100.00	.	100.00	.	.	.	.	.	.	.	.
SAL_YC0881AA_AS.result.fasta	3	.	.	.	.	.	100.00	.	.	.	.	100.00	.	100.00	.	.	.	.	.	.	.	.
SAL_YC0894AA_AS.result.fasta	3	.	.	.	.	.	100.00	.	.	.	.	100.00	.	100.00	.	.	.	.	.	.	.	.
SAL_YC0898AA_AS.result.fasta	3	.	.	.	.	.	100.00	.	.	.	.	100.00	.	100.00	.	.	.	.	.	.	.	.
SAL_YC0915AA_AS.result.fasta	1	.	.	.	.	.	.	.	.	.	.	.	.	.	.	.	100.00	.	.	.	.	.
SAL_YC0966AA_AS.result.fasta	3	.	.	.	.	.	100.00	.	.	.	.	100.00	.	100.00	.	.	.	.	.	.	.	.
SAL_YC2669AA_AS.result.fasta	1	.	.	.	.	.	.	.	.	.	.	.	.	.	.	.	100.00	.	.	.	.	.
SAL_YC2677AA_AS.result.fasta	3	.	100.00	.	.	100.00	100.00;100.00	.	.	.	.	.	.	.	.	.	.	.	.	.	.	.
SAL_YC2690AA_AS.result.fasta	1	.	.	.	.	.	.	.	.	.	.	.	.	.	.	.	100.00	.	.	.	.	.
SAL_YC2703AA_AS.result.fasta	1	.	.	.	.	.	.	.	.	.	.	.	.	.	.	.	100.00	.	.	.	.	.
SAL_YC2735AA_AS.result.fasta	3	.	.	.	.	.	100.00	.	.	.	.	100.00	.	100.00	.	.	.	.	.	.	.	.
SAL_YC2738AA_AS.result.fasta	1	.	.	.	.	.	.	.	.	.	99.64	.	.	.	.	.	.	.	.	.	.	.
SAL_YC2753AA_AS.result.fasta	3	.	.	.	.	.	100.00	.	.	.	.	100.00	.	100.00	.	.	.	.	.	.	.	.
SAL_YC2768AA_AS.result.fasta	2	.	.	.	.	.	.	.	.	.	.	100.00	.	100.00	.	.	.	.	.	.	.	.
SAL_YC2786AA_AS.result.fasta	3	.	.	.	.	.	100.00	.	.	.	.	100.00	.	100.00	.	.	.	.	.	.	.	.
SAL_YC2802AA_AS.result.fasta	5	.	.	.	.	.	100.00	.	.	.	.	100.00	.	100.00	.	.	.	.	100.00	90.37	.	.
SAL_YC3019AA_AS.result.fasta	1	.	.	.	.	.	100.00	.	.	.	.	.	.	.	.	.	.	.	.	.	.	.
SAL_YC3021AA_AS.result.fasta	1	.	.	.	.	.	.	.	.	.	.	.	.	.	.	.	100.00	.	.	.	.	.
SAL_YC3022AA_AS.result.fasta	1	.	.	.	.	.	.	.	.	.	.	.	.	.	.	.	100.00	.	.	.	.	.
SAL_YC3036AA_AS.result.fasta	3	.	.	.	.	.	100.00	.	.	.	.	100.00	.	100.00	.	.	.	.	.	.	.	.
SAL_YC3041AA_AS.result.fasta	1	.	.	.	.	.	100.00	.	.	.	.	.	.	.	.	.	.	.	.	.	.	.
SAL_YC3046AA_AS.result.fasta	1	.	.	.	.	.	100.00	.	.	.	.	.	.	.	.	.	.	.	.	.	.	.
SAL_YC3049AA_AS.result.fasta	5	.	.	.	.	.	100.00	.	.	.	.	100.00	.	100.00	.	.	.	.	100.00	90.37	.	.
SAL_YC3051AA_AS.result.fasta	5	.	.	.	.	.	100.00	.	.	.	.	100.00	.	100.00	.	.	.	.	100.00	90.37	.	.
SAL_YC3053AA_AS.result.fasta	3	.	.	.	.	.	100.00	.	.	.	.	100.00	.	100.00	.	.	.	.	.	.	.	.
SAL_YC3058AA_AS.result.fasta	3	.	.	100.00	99.29;99.29	100.00	.	.	.	.	.	.	.	.	.	.	.	.	.	.	.	.
SAL_YC3065AA_AS.result.fasta	1	.	.	.	.	.	100.00	.	.	.	.	.	.	.	.	.	.	.	.	.	.	.
SAL_YC3091AA_AS.result.fasta	1	.	.	.	.	.	.	.	.	.	99.64	.	.	.	.	.	.	.	.	.	.	.
SAL_YC3096AA_AS.result.fasta	1	.	.	.	.	.	.	.	.	.	99.64	.	.	.	.	.	.	.	.	.	.	.
SAL_YC3101AA_AS.result.fasta	1	.	.	.	.	.	.	.	.	.	99.64	.	.	.	.	.	.	.	.	.	.	.
SAL_YC3102AA_AS.result.fasta	1	.	.	100.00	.	.	.	.	.	.	.	.	.	.	.	.	.	.	.	.	.	.
SAL_YC3109AA_AS.result.fasta	1	.	.	.	.	.	.	.	.	.	99.64	.	.	.	.	.	.	.	.	.	.	.
SAL_YC3119AA_AS.result.fasta	1	.	.	.	.	.	.	.	.	.	99.64	.	.	.	.	.	.	.	.	.	.	.
SAL_YC3125AA_AS.result.fasta	1	.	.	.	.	.	.	.	.	.	99.64	.	.	.	.	.	.	.	.	.	.	.
SAL_YC3132AA_AS.result.fasta	1	.	.	100.00	.	.	.	.	.	.	.	.	.	.	.	.	.	.	.	.	.	.
SAL_YC3134AA_AS.result.fasta	1	.	.	.	.	.	.	.	.	.	99.64	.	.	.	.	.	.	.	.	.	.	.
SAL_YC3136AA_AS.result.fasta	1	.	.	.	.	.	.	.	.	.	99.64	.	.	.	.	.	.	.	.	.	.	.
SAL_YC3137AA_AS.result.fasta	1	.	.	.	.	.	.	.	.	.	99.64	.	.	.	.	.	.	.	.	.	.	.
SAL_YC3150AA_AS.result.fasta	2	.	.	.	.	.	.	.	.	.	.	100.00	.	100.00	.	.	.	.	.	.	.	.
SAL_YC3152AA_AS.result.fasta	1	.	.	.	.	.	.	.	.	.	99.64	.	.	.	.	.	.	.	.	.	.	.
SAL_YC3160AA_AS.result.fasta	1	.	.	100.00	.	.	.	.	.	.	.	.	.	.	.	.	.	.	.	.	.	.
SAL_YC3182AA_AS.result.fasta	3	.	.	.	.	.	100.00	.	.	.	.	100.00	.	100.00	.	.	.	.	.	.	.	.
SAL_YC3193AA_AS.result.fasta	1	.	.	.	.	.	.	.	.	.	99.64	.	.	.	.	.	.	.	.	.	.	.
SAL_YC3202AA_AS.result.fasta	1	.	.	.	.	.	.	.	.	.	99.64	.	.	.	.	.	.	.	.	.	.	.
SAL_YC3221AA_AS.result.fasta	1	.	.	.	.	.	.	.	.	.	99.64	.	.	.	.	.	.	.	.	.	.	.
SAL_YC3223AA_AS.result.fasta	1	.	.	.	.	.	.	.	.	.	99.64	.	.	.	.	.	.	.	.	.	.	.
SAL_YC3224AA_AS.result.fasta	1	.	.	.	.	.	.	.	.	.	99.64	.	.	.	.	.	.	.	.	.	.	.
SAL_YC3226AA_AS.result.fasta	1	.	.	.	.	.	.	.	.	.	99.64	.	.	.	.	.	.	.	.	.	.	.
SAL_YC3228AA_AS.result.fasta	1	.	.	.	.	.	.	.	.	.	99.64	.	.	.	.	.	.	.	.	.	.	.
SAL_YC3233AA_AS.result.fasta	1	.	.	.	.	.	.	.	.	.	99.64	.	.	.	.	.	.	.	.	.	.	.
SAL_ZC7002AA_AS.result.fasta	1	.	.	.	.	.	.	.	.	.	99.64	.	.	.	.	.	.	.	.	.	.	.
SAL_ZC7003AA_AS.result.fasta	1	.	.	.	.	.	.	.	.	.	99.64	.	.	.	.	.	.	.	.	.	.	.
SAL_ZC7004AA_AS.result.fasta	1	.	.	.	.	.	.	.	.	.	99.64	.	.	.	.	.	.	.	.	.	.	.
SAL_ZC7005AA_AS.result.fasta	1	.	.	.	.	.	.	.	.	.	99.64	.	.	.	.	.	.	.	.	.	.	.
SAL_ZC7006AA_AS.result.fasta	1	.	.	.	.	.	.	.	.	.	99.64	.	.	.	.	.	.	.	.	.	.	.
SAL_ZC7007AA_AS.result.fasta	1	.	.	.	.	.	.	.	.	.	99.64	.	.	.	.	.	.	.	.	.	.	.
SAL_ZC7008AA_AS.result.fasta	1	.	.	.	.	.	.	.	.	.	99.64	.	.	.	.	.	.	.	.	.	.	.
SAL_ZC7009AA_AS.result.fasta	1	.	.	.	.	.	.	.	.	.	99.64	.	.	.	.	.	.	.	.	.	.	.
SAL_ZC7010AA_AS.result.fasta	1	.	.	.	.	.	.	.	.	.	99.64	.	.	.	.	.	.	.	.	.	.	.
SAL_ZC7011AA_AS.result.fasta	1	.	.	.	.	.	.	.	.	.	99.64	.	.	.	.	.	.	.	.	.	.	.
SAL_ZC7012AA_AS.result.fasta	1	.	.	.	.	.	.	.	.	.	99.64	.	.	.	.	.	.	.	.	.	.	.
SAL_ZC7013AA_AS.result.fasta	1	.	.	.	.	.	.	.	.	.	99.64	.	.	.	.	.	.	.	.	.	.	.
SAL_ZC7015AA_AS.result.fasta	5	.	.	.	.	.	100.00	.	.	.	.	100.00	.	100.00	.	.	.	.	100.00	90.37	.	.
SAL_ZC7016AA_AS.result.fasta	1	.	.	.	.	.	90.77	.	.	.	.	.	.	.	.	.	.	.	.	.	.	.
SAL_ZC7017AA_AS.result.fasta	1	.	.	.	.	.	.	.	.	.	99.64	.	.	.	.	.	.	.	.	.	.	.
SAL_ZC7018AA_AS.result.fasta	1	.	.	.	.	.	.	.	.	.	99.64	.	.	.	.	.	.	.	.	.	.	.
SAL_ZC7019AA_AS.result.fasta	4	.	.	.	.	.	.	.	.	.	.	100.00	.	100.00	.	.	.	.	100.00	90.37	.	.
SAL_ZC9411AA_AS.result.fasta	1	.	.	.	.	.	.	.	.	.	99.64	.	.	.	.	.	.	.	.	.	.	.
SAL_ZC9412AA_AS.result.fasta	2	96.56	.	.	.	.	.	.	.	.	99.64	.	.	.	.	.	.	.	.	.	.	.
SAL_ZC9413AA_AS.result.fasta	1	.	.	.	.	.	.	.	.	.	99.64	.	.	.	.	.	.	.	.	.	.	.
SAL_ZC9414AA_AS.result.fasta	2	.	.	.	.	.	.	.	.	.	99.64	.	.	.	.	.	.	.	.	.	100.00	.
SAL_ZC9415AA_AS.result.fasta	1	.	.	.	.	.	.	.	.	.	99.64	.	.	.	.	.	.	.	.	.	.	.
SAL_ZC9416AA_AS.result.fasta	2	.	.	.	.	.	.	.	.	.	99.64	.	.	.	.	.	.	.	.	.	100.00	.
SAL_ZC9418AA_AS.result.fasta	2	.	.	.	.	.	.	.	.	.	99.64	.	.	.	.	.	.	.	.	.	100.00	.
SAL_ZC9419AA_AS.result.fasta	1	.	.	.	.	.	.	.	.	.	99.64	.	.	.	.	.	.	.	.	.	.	.
SAL_ZC9420AA_AS.result.fasta	1	.	.	.	.	.	.	.	.	.	99.64	.	.	.	.	.	.	.	.	.	.	.
SAL_ZC9421AA_AS.result.fasta	1	.	.	.	.	.	.	.	.	.	99.64	.	.	.	.	.	.	.	.	.	.	.
SAL_ZC9422AA_AS.result.fasta	1	.	.	.	.	.	.	.	.	.	99.64	.	.	.	.	.	.	.	.	.	.	.
SAL_ZC9423AA_AS.result.fasta	1	.	.	.	.	.	.	.	.	.	99.64	.	.	.	.	.	.	.	.	.	.	.
SAL_ZC9424AA_AS.result.fasta	1	.	.	.	.	.	.	.	.	.	99.64	.	.	.	.	.	.	.	.	.	.	.
SAL_ZC9425AA_AS.result.fasta	1	.	.	.	.	.	.	.	.	.	99.64	.	.	.	.	.	.	.	.	.	.	.
SAL_ZC9426AA_AS.result.fasta	2	.	.	.	.	.	.	.	.	.	99.64	.	.	.	.	.	.	.	.	.	100.00	.
SAL_ZC9427AA_AS.result.fasta	1	.	.	.	.	.	.	.	.	.	99.64	.	.	.	.	.	.	.	.	.	.	.
SAL_ZC9428AA_AS.result.fasta	1	.	.	.	.	.	.	.	.	.	99.64	.	.	.	.	.	.	.	.	.	.	.
SAL_ZC9429AA_AS.result.fasta	1	.	.	.	.	.	.	.	.	.	99.64	.	.	.	.	.	.	.	.	.	.	.
SAL_ZC9430AA_AS.result.fasta	1	.	.	.	.	.	.	.	.	.	99.64	.	.	.	.	.	.	.	.	.	.	.
SAL_ZC9431AA_AS.result.fasta	1	.	.	.	.	.	.	.	.	.	99.64	.	.	.	.	.	.	.	.	.	.	.
